draw_index,mse_pysr,equation,sympy,mse_constant,mse_power_law,mse_linear_q,mse_quadratic_q,q_peak,has_interior_peak,monotonic_increasing,monotonic_decreasing,slope_low,slope_high,rate_q95_over_q80,rises_toward_equal_mass,peaks_then_declines_near_unity
350,2.5065294299471654,x0 - (exp((square(square(0.7493169 - x0) * -14.320896) * x0) + -0.8580817) + exp(4.476483 - exp((x0 * 33.371033) + -5.399718))),x0 - (exp(4.476483 - exp(x0*33.371033 - 5.399718)) + exp(x0*(205.088062242816*(0.7493169 - x0)**4) - 0.8580817)),980.5779589427189,204.32165100589253,460.96272254197777,155.6252135664594,0.8908817635270542,True,False,False,42.433150908646894,0.0352593530014218,0.9928895980078195,False,False
613,3.7678034768839312,((exp(square(0.0071733543 - square(x0)) * -1659.722) * -81.93315) - exp(3.275757 - x0)) + 12.513286,exp((0.0071733543 - x0**2)**2*(-1659.722))*(-81.93315) - exp(3.275757 - x0) + 12.513286,952.596010583508,177.1016925062521,418.41046523046884,138.29836816350698,1.0,False,True,False,62.06259022781933,9.671739817857258,5.2397331033870564,True,False
2703,3.850904099818967,1.5010489 - square(((x0 - square(exp(square(x0 + -0.16370401) * (-3.7769535 - square(x0 * 30.033442))))) * -6.052763) + 4.685398),1.5010489 - 36.635939934169*(-x0 + exp(2*(x0 - 0.16370401)**2*(-902.007638367364*x0**2 - 3.7769535)) + 0.774092426880088)**2,1300.760274896548,289.8837151852439,489.85248779649476,156.9019803296892,0.7738276553106213,True,False,False,83.48589969029717,-7.550661220268935,0.32988784301754753,False,True
1845,3.493623367499596,((156.87117 - (x0 * 59.35245)) * sqrt(x0)) + ((exp((15.075498 - (square(x0) * 265.3751)) * x0) * -12.625329) + -96.82089),sqrt(x0)*(156.87117 - 59.35245*x0) - 12.625329*exp(x0*(15.075498 - 265.3751*x0**2)) - 96.82089,1128.5525083060143,165.35477047282777,311.9821841777907,72.6144495410318,0.8809619238476954,True,False,False,79.5854277274816,-0.7455246601325314,1.1065913563712437,False,True
1791,2.6896167000646463,(exp(exp(0.88862294 - square(0.1563674 - square(square(x0 + x0) * 3.9907513)))) * -8.395415) + (x0 * 11.217279),x0*11.217279 + exp(exp(0.88862294 - (0.1563674 - 15.9260959384517*(x0 + x0)**4)**2))*(-8.395415),1290.3401953545747,292.6484403718905,490.4158768580405,171.07078022811805,1.0,False,True,False,65.42807386002096,9.98215020589393,5.379486986217641,True,False
85,2.2810837980428227,((-10.820596 - exp(((x0 * x0) * (48.004528 - square(x0 * -42.029335))) + 2.8400345)) - (x0 * -10.036727)) * (3.282742 - (x0 * 4.494286)),(3.282742 - 4.494286*x0)*(-(-10.036727)*x0 - exp(x0*x0*(48.004528 - 1766.46500054223*x0**2) + 2.8400345) - 10.820596),997.863758554785,149.70367039610755,348.2044227231024,100.61070762163055,0.9047695390781563,True,False,False,57.24626382211795,1.153638232908662,1.4858302691170282,True,False
3577,4.4518743787319925,(sqrt(x0) * 17.395407) - (exp((((0.097891815 - x0) * square(x0)) * 734.4266) + 4.3226285) + 14.533096),17.395407*sqrt(x0) - 75.3865215687905*exp(734.4266*x0**2*(0.097891815 - x0)) - 14.533096,817.2041219258621,166.0600595387299,416.1329872931523,152.8691469671008,1.0,False,True,False,47.64268370255945,8.204889388927825,4.039080380035348,True,False
155,2.94939535552026,(x0 * 7.6827016) + (-5.4190826 - exp(4.4959 - square(0.24400505 - square(square(x0 * 4.349622))))),x0*7.6827016 - exp(4.4959 - (0.24400505 - 357.936565404395*x0**4)**2) - 5.4190826,1340.0889599025,327.5898113765783,532.8855040352852,193.37135405146503,1.0,False,True,False,48.57726862484685,6.836763296897715,3.1658001574923333,True,False
3186,0.8394375640084014,6.83107 - exp(exp((-0.0297916 - x0) * exp(exp(square(x0) * -97.14266) * -77.75112)) * 4.5818424),6.83107 - exp(exp((-x0 - 0.0297916)*exp(exp(x0**2*(-97.14266))*(-77.75112)))*4.5818424),1148.2499451884348,189.18964735618994,325.6332938114665,101.41491256568193,1.0,False,True,False,49.33373641214348,10.097604119002952,6.003089795244097,True,False
894,2.5696990209519774,(((22.531153 - square(exp(x0))) * x0) - exp((x0 * ((square(x0 * ((x0 * 26.559837) + -4.102416)) * -18.631027) - -0.4483792)) + 4.357084)) + -13.1612425,x0*(22.531153 - exp(2*x0)) - exp(x0*((705.424941466569*x0**2*(x0 - 0.154459381659609)**2)*(-18.631027) - 1*(-0.4483792)) + 4.357084) - 13.1612425,1267.539771663482,280.2178041094422,478.5787365937923,164.45483146809394,1.0,False,True,False,51.894105869090026,5.384561831465874,2.692495076392397,True,False
2110,3.6622212338763793,-14.1678705 - ((x0 * -17.976427) + exp(4.3954954 - square((7.1639953 - (x0 * 50.683647)) * x0))),-(x0*(-17.976427) + exp(4.3954954 - 2568.83207322061*x0**2*(0.141347273214179 - x0)**2)) - 14.1678705,1191.9124022487651,233.09012103960606,422.14241992108816,135.876522223326,1.0,False,True,False,69.95700367435165,15.997051912436405,14.827246889179698,True,False
1919,4.161778860663235,((exp(2.3312159 - square((3.7309012 - square(x0 * 11.682589)) * x0)) - x0) * -8.591828) + -6.0250735,(-x0 + exp(2.3312159 - 18627.5781007152*x0**2*(0.0273360368935012 - x0**2)**2))*(-8.591828) - 6.0250735,1327.5855951005567,317.3121582543645,525.861919777206,180.02206703474656,1.0,False,True,False,48.59487318321953,7.645786258789116,3.628338867138339,True,False
4279,2.384941152689806,(-37.21044 - (sqrt(x0) * ((x0 * 16.09974) + -55.227142))) - exp(4.3095245 - square(square((6.984909 * x0) - 0.16659763) - 0.42628258)),-sqrt(x0)*(16.09974*x0 - 55.227142) - 37.21044 - 74.4051009020272*exp(-2380.36200687612*((x0 - 0.0238510809518062)**2 - 0.00873727652137636)**2),1051.972701355407,194.16593103981384,419.71644998057144,131.57569303623723,1.0,False,True,False,57.809418202486086,5.776098420032383,2.8423735322250003,True,False
1645,4.843196204285495,(x0 * 9.583443) + (-6.96851 - exp(4.4608984 - square(square((x0 + -0.08240257) * 7.571377)))),x0*9.583443 - exp(4.4608984 - 3286.2415759302*(x0 - 0.08240257)**4) - 6.96851,1154.714880361106,247.8331720210336,484.7930887338883,156.38379737365585,1.0,False,True,False,72.41188278747694,8.528215043561062,4.210230248182776,True,False
1875,2.2479127302046233,((sqrt(x0) * 51.245552) + -35.352104) + ((exp(((0.15938126 - x0) * 2842.723) * (x0 * square(x0))) * -59.867634) - exp(exp(x0))),51.245552*sqrt(x0) - 59.867634*exp(x0**3*(453.07677357098 - 2842.723*x0)) - exp(exp(x0)) - 35.352104,1060.0468220786545,189.8746564707551,406.6430396490613,125.71540089342622,0.8849298597194389,True,False,False,56.40961666828525,-0.5616103637276524,1.1033359528561892,False,True
2386,1.6815473791522184,(((x0 * 10.190606) + -5.853524) * exp(exp(exp((square((x0 + -0.1462761) * square(x0 * -6.7867765)) * -9.431192) + x0)) - x0)) + -1.8631458,(x0*10.190606 - 5.853524)*exp(-x0 + exp(exp(x0 + (2121.55448435132*x0**4*(x0 - 0.1462761)**2)*(-9.431192)))) - 1.8631458,1217.1484401755936,261.66176136015383,472.75552603332306,158.51653774317867,1.0,False,True,False,48.59161949066197,6.930070973928196,3.373073801322389,True,False
4165,3.4064250639704188,((x0 * 5.738571) - exp(4.50133 - square((square(0.052016564 - x0) * 59.551624) - 0.2255568))) + -3.8734798,x0*5.738571 - exp(4.50133 - ((0.052016564 - x0)**2*59.551624 - 1*0.2255568)**2) - 3.8734798,1093.9062296764257,256.7566717828796,522.3545699643569,174.4098516472378,1.0,False,True,False,56.26086515708084,5.106699912624663,2.3650188672853414,True,False
3117,0.9422396763494788,(x0 * 5.293417) + (-91.44172 + exp((exp(12.297178 - (sqrt(x0) * 34.87801)) * -11.357409) + 4.476128)),5.293417*x0 - 91.44172 + 87.8936885942466*exp(-2488145.73501529*exp(-34.87801*sqrt(x0))),1105.4953026136989,251.57526450223523,509.1950767165048,171.81055617582345,1.0,False,True,False,51.84414329904979,4.710580086791595,2.2122689512539053,True,False
3110,2.5146895681605823,((x0 * (80.01823 - (x0 * 37.158283))) + (exp(x0 * (1.8243876 - square(square(square(x0 * 5.283336))))) * -48.722973)) - 40.76554,x0*(80.01823 - 37.158283*x0) + exp(x0*(1.8243876 - 607107.849839655*x0**8))*(-48.722973) - 1*40.76554,1162.10194632426,196.525952457621,319.2709200733202,105.71472397153316,1.0,False,True,False,38.16349952516066,12.355623414329216,9.474301458434049,True,False
4056,3.7904665535884243,((x0 * 8.884361) - exp(4.4719777 - square(square(square(x0 * 4.5667415)) + -0.19546282))) - 6.304463,x0*8.884361 - exp(4.4719777 - 189169.63802061*(x0**4 - 0.000449405562694051)**2) - 1*6.304463,1266.0472307183848,296.0392344763092,520.9125705407145,175.4629688778573,1.0,False,True,False,41.97888564567262,7.906108601327077,3.7910951155832144,True,False
358,1.5802889821426216,(exp(exp(0.0446865 - square((x0 * (x0 * -40.623222)) + 0.7227224)) + (x0 * -3.754673)) * -54.07541) + 2.7736185,2.7736185 + exp(x0*(-3.754673) + exp(0.0446865 - (x0*x0*(-40.623222) + 0.7227224)**2))*(-54.07541),1008.453015645322,158.7400187114334,357.5341569688587,109.50393210509594,1.0,False,True,False,54.96412080227901,6.394783073961591,3.173985204554913,True,False
2328,1.3958840237833654,(exp(exp(square(x0) * -103.43283) * -68.05711) * ((sqrt(x0) * 28.501558) + 65.83118)) + -91.0408,(28.501558*sqrt(x0) + 65.83118)*exp(-68.05711*exp(-103.43283*x0**2)) - 91.0408,1175.4515317960954,230.729347323051,423.97781585421313,139.88765345187295,1.0,False,True,False,49.78847154847426,13.443326206860036,9.84835184063434,True,False
586,3.603159740066662,(exp(square((0.12254243 - x0) * x0) * -2372.8953) * -88.38325) + (-5.2957635 + (x0 * 7.4453807)),x0*7.4453807 + exp((x0**2*(0.12254243 - x0)**2)*(-2372.8953))*(-88.38325) - 5.2957635,1179.3744692294579,264.8043056219008,504.0005415876479,168.81807741202294,1.0,False,True,False,76.68649596863452,6.625573678559903,3.055085777357288,True,False
3351,3.8123078417115055,((x0 * 8.66793) + -6.200787) + (exp((1.7528312 - square(square(square(x0)) * 1183.4966)) * square(x0)) * -84.339165),x0*8.66793 + exp(x0**2*(1.7528312 - 1400664.20221156*x0**8))*(-84.339165) - 6.200787,1330.9765141315404,316.86798830324585,519.0976660124012,182.14330980075303,1.0,False,True,False,42.57565451320761,7.713508706895254,3.6699947911692177,True,False
2360,0.7604764150135251,(exp(0.97141933 - (exp(1.6181337 - (exp(x0 * -43.28341) * 5510.975)) * x0)) * -35.06783) + 1.8074489,1.8074489 + exp(0.97141933 - x0*exp(1.6181337 - 5510.975*exp(x0*(-43.28341))))*(-35.06783),1136.7482928994814,186.99275125923555,350.09876983333885,99.77679665490466,1.0,False,True,False,52.320010826826774,4.673385589612849,2.3858612977081903,True,False
3146,3.702921964264459,(-16.818918 + (x0 * 20.965271)) - exp(4.3452296 - square(0.1699291 - square((x0 * 8.105931) + -0.68676996))),x0*20.965271 - exp(4.3452296 - (0.1699291 - (x0*8.105931 - 0.68676996)**2)**2) - 16.818918,1134.9444485596846,208.2414062967336,398.0058083778834,127.21958512414898,1.0,False,True,False,54.868778577744024,18.656795844096507,23.214884513001966,True,False
2094,2.7795308317041822,(exp(exp(0.7731567 - square(((x0 * 39.491833) - 5.097136) * x0))) - (x0 * 1.2925578)) * -10.884533,(-1.2925578*x0 + exp(exp(0.7731567 - x0**2*(x0*39.491833 - 1*5.097136)**2)))*(-10.884533),1127.8817302166585,222.60892546705313,441.05686250089263,141.81456371008792,1.0,False,True,False,72.13483740528068,12.519770037855437,8.25100403662717,True,False
292,2.8701361715011884,exp(square(((x0 + -0.20199423) * (-633.4188 * square(x0))) * x0) * -3.2372358) * -92.258514,exp((401219.37619344*x0**6*(x0 - 0.20199423)**2)*(-3.2372358))*(-92.258514),1450.4559359967564,402.45003847900966,603.5447612232292,236.9285703747134,0.3433066132264529,True,True,False,7.152708376760529,0.0,1.0,False,False
3661,2.21458089395555,(exp(exp(exp((12.27993 - exp(x0 * 14.566105)) * square(x0))) + (x0 * -2.533254)) * -6.437778) + 2.8451262,2.8451262 + exp(x0*(-2.533254) + exp(exp(x0**2*(12.27993 - exp(x0*14.566105)))))*(-6.437778),1053.2837504075876,214.42807540072997,459.41962188166093,149.8329571635034,1.0,False,True,False,62.6090128321581,4.140072803865252,2.073091090368789,True,False
2080,2.665282843585501,-12.758593 - (exp(exp(1.4842176 - square((x0 * 3.6964457) - square(x0 * 5.2948637)))) - (x0 * 17.460014)),-(-17.460014*x0 + exp(exp(1.4842176 - (-28.0355816015777*x0**2 + x0*3.6964457)**2))) - 12.758593,1130.2446852396668,211.69324996572556,414.4161179627787,130.50473358452115,1.0,False,True,False,69.58035558468691,15.537500881007873,13.722055722636801,True,False
1063,2.0365203799390423,((x0 + -0.5561749) - exp((0.14648506 - (x0 - square(square(x0 * 3.1553755)))) * -18.019579)) * square((x0 * -15.367224) - -12.213488),(x0*(-15.367224) - 1*(-12.213488))**2*(x0 - exp((0.14648506 - (-99.1297923556235*x0**4 + x0))*(-18.019579)) - 0.5561749),1066.5941521010186,177.15008831731504,392.5756293395111,100.76487398543354,1.0,False,False,False,58.7126698014481,15.24410210108067,9.390852474535066,True,False
3636,3.4390163988149167,((exp(((x0 * -3851.9956) + 435.9169) * ((x0 * x0) * (x0 + -0.13430342))) * -90.73977) - 3.121655) + (x0 * 4.752883),x0*4.752883 + exp(x0*x0*(435.9169 + x0*(-3851.9956))*(x0 - 0.13430342))*(-90.73977) - 1*3.121655,1146.8177773825887,277.2319932572207,539.8025097502598,183.45800277348172,1.0,False,True,False,56.49899229076527,4.2295455089455345,2.039965090859274,True,False
3278,3.7568282996152713,(44.038086 * (x0 - 0.6524441)) - square(exp(2.0668979 - square(x0 * ((x0 * 10.982587) + -2.5958405))) + (x0 * 3.38602)),44.038086*(x0 - 1*0.6524441) - (x0*3.38602 + exp(2.0668979 - 120.617217212569*x0**2*(x0 - 0.236359657337565)**2))**2,1626.510126444041,464.84067245026563,235.82641140548577,183.7662249871182,1.0,False,True,False,-3.584471123761432,21.030429608813506,36.454619084997994,True,False
2800,1.281335417572056,(((x0 * 9.783329) + 83.87899) * exp(exp(x0 * -35.27294) * -567.01776)) + -91.179146,(x0*9.783329 + 83.87899)*exp(exp(x0*(-35.27294))*(-567.01776)) - 91.179146,1091.5054425734395,224.13922493498234,462.8417065485975,151.25734335585113,1.0,False,True,False,64.24418511799638,8.706091737772368,4.338376927605435,True,False
1021,1.3662874877756939,(x0 + -0.7457652) * square((exp(exp(((square(square(square(x0 * 4.8961315))) * -1.0215502) + 3.3716993) * x0)) + 8.4639225) - (x0 * 7.4134846)),(x0 - 0.7457652)*(71.6379840860063*(-0.875892306433571*x0 + 0.118148529833538*exp(exp(x0*(3.3716993 + (330236.131670708*x0**8)*(-1.0215502)))) + 1)**2),1208.7049293748096,202.9498664252751,318.22769405452954,95.06425031409155,0.922625250501002,True,False,False,47.257153934220014,1.8619326973570196,1.6822832574461577,True,False
2020,3.814499250219217,(-58.27026 - exp(((-0.23885833 + x0) * ((-85.01035 * x0) * sqrt(x0))) - -3.7125304)) + ((79.322716 - (square(x0) * 20.109303)) * sqrt(x0)),sqrt(x0)*(79.322716 - 20.109303*x0**2) - 58.27026 - 40.957313901327*exp(-85.01035*x0**(3/2)*(x0 - 0.23885833)),1276.6871514716772,215.57445473328735,309.972555063253,76.27440218924352,0.8888977955911824,True,False,False,76.69618541611408,-0.1419947708932625,1.206760083081378,False,True
908,1.8643321373063664,(exp(square(exp(square((x0 * -12.864177) - -2.1565058) * -1.2912486) + (x0 * -4.9783783)) * -1.2433399) * -85.70111) + ((x0 * 11.45854) + -8.6315155),x0*11.45854 + exp((x0*(-4.9783783) + exp((x0*(-12.864177) - 1*(-2.1565058))**2*(-1.2912486)))**2*(-1.2433399))*(-85.70111) - 8.6315155,1303.5120945957951,283.2455964713813,460.4172639082659,154.0066875398081,1.0,False,True,False,51.34156055128324,10.196846187738345,5.577733103150387,True,False
2970,9.88722563372236,(((sqrt(square(x0 - 0.2684114)) - x0) - -0.2662054) * ((-0.07847221 - square(x0 + x0)) * 2007.046)) + -12.3168745,(-8028.184*x0**2 - 157.49733519166)*(-x0 + sqrt((x0 - 0.2684114)**2) + 0.2662054) - 12.3168745,1232.5007757259211,238.85037670050437,392.5536073456493,131.7487675697449,1.0,False,True,False,43.264389017011126,28.04963652736808,104.48325562904952,True,False
1045,2.712409633398842,(x0 * 19.533922) + (-15.74279 - exp((((x0 * -16.99277) + 3.6954942) * square(square(square(x0) * -15.660472))) + 4.3340383)),x0*19.533922 - exp((60147.7504905424*x0**8)*(3.6954942 + x0*(-16.99277)) + 4.3340383) - 15.74279,1360.7386133058817,306.8739045524474,434.81506223880086,169.53242029761628,1.0,False,True,False,17.7169304239369,17.383051942829695,18.729335497135306,True,False
4312,2.625816368336057,((exp((2.3232167 - square(square(square(x0)) * 794.8903)) * x0) * -51.14836) - ((sqrt(x0) * -63.56896) + 46.362415)) - (square(x0) * 15.70035),63.56896*sqrt(x0) - 15.70035*x0**2 - 51.14836*exp(x0*(2.3232167 - 631850.58903409*x0**8)) - 46.362415,1223.6264560316563,244.98888627137924,415.7621403217593,142.194774326564,1.0,False,True,False,38.66068122610932,5.117115640470473,2.6649363773316894,True,False
576,2.65467158994469,(exp(exp(0.7849114 - (x0 * square((x0 * 20.559923) + -2.0492446))) - x0) * -12.420741) - -6.359239,exp(-x0 + exp(0.7849114 - x0*422.710433765929*(x0 - 0.0996718032455666)**2))*(-12.420741) - 1*(-6.359239),969.3224615156753,211.43239088853224,473.87493239338465,164.42218078357584,1.0,False,True,False,66.40813342621175,4.539509420062359,2.175778600256382,True,False
3137,3.245381454296112,(exp(1.1484663 - square(square(x0 * 7.5328684) - (x0 * 7.9765997))) - (x0 + -0.69130087)) * (square(x0 * -4.6567764) - 25.254337),(21.685566439597*x0**2 - 1*25.254337)*(-(x0 - 0.69130087) + exp(1.1484663 - 3219.89360338538*(x0**2 - 0.140571421697433*x0)**2)),1175.9515306017397,232.56518354263662,438.9952123041072,137.00021222659237,0.8948496993987977,True,False,False,60.73414914735338,0.37052931077826656,1.2632459591619305,True,False
2869,2.2579431143777517,(exp((exp((8.850266 - exp(x0 * 13.217156)) * x0) - sqrt(x0 + x0)) * (x0 + 0.70065767)) * (-43.328705 - (x0 * -113.99158))) - 6.0274434,(113.99158*x0 - 43.328705)*exp((x0 + 0.70065767)*(-sqrt(2)*sqrt(x0) + exp(x0*(8.850266 - exp(13.217156*x0))))) - 6.0274434,893.8056288405389,148.37095295436447,385.9679496116208,116.40464152915317,0.7896993987975952,True,False,False,52.31040650163368,-3.4984520570636164,0.6091228495514268,False,True
3513,0.4927206325033554,(exp(x0) - exp(4.4991918 - exp(((0.201476 - x0) * -56.835007) * (exp(8.56246 - (x0 * 50.914886)) + 0.30744207)))) - 1.8726139,exp(x0) - exp(4.4991918 - exp((0.201476 - x0)*(-56.835007)*(exp(8.56246 - 50.914886*x0) + 0.30744207))) - 1*1.8726139,1147.709822253522,275.3826492177808,534.9130576580878,186.1243348571696,1.0,False,True,False,62.93976877776362,2.1667696248269905,1.4335723456031744,True,False
1790,2.606456070984987,((41.237965 * sqrt(x0)) + -26.132082) + ((exp(x0 - square(62.40282 * ((0.12034341 - x0) * x0))) * -69.36795) - exp(exp(x0))),41.237965*sqrt(x0) - 69.36795*exp(-3894.1119439524*x0**2*(0.12034341 - x0)**2 + x0) - exp(exp(x0)) - 26.132082,1118.481823422099,230.4058593843199,467.45098276950296,146.14811290331377,0.8293787575150301,True,False,False,54.91342101077498,-5.281887640659221,0.4942365856997395,False,True
444,4.593904883890998,(x0 * 9.112083) + (-6.6096406 - exp(4.4887924 - square(square(x0 * 3.9968147) + -0.3045314))),x0*9.112083 - exp(4.4887924 - 255.185536712072*(x0**2 - 0.019063561993165)**2) - 6.6096406,1381.930783580426,291.4481275930488,416.66065156903744,130.76625205138404,1.0,False,True,False,70.65979540348144,8.108756249583593,3.9228297235602514,True,False
2135,2.7972815411267544,(sqrt(x0) * 40.55958) - (exp(((square(x0) * 8.587039) - -4.110217) - square(square(square(x0) * -17.938004))) + 36.469017),40.55958*sqrt(x0) - 60.9599444423986*exp(-103537.211942285*x0**8 + 8.587039*x0**2) - 36.469017,1247.572079715668,240.28898732497203,374.7117448626154,128.2852561157247,1.0,False,True,False,52.49536540004374,19.130731897296528,25.91899777431098,True,False
4171,3.3632226558515645,-8.45194 + ((11.383915 * x0) - exp(4.457384 - square(0.22470155 - square(square(x0) * 20.492296)))),11.383915*x0 - exp(4.457384 - (0.22470155 - 419.934195351616*x0**4)**2) - 8.45194,1273.4909252046161,291.84193513719623,500.87489584417796,175.02928407588178,1.0,False,True,False,39.55048247843206,10.130438002043604,5.515644138046931,True,False
4296,2.3345283850667577,((-52.571236 - (sqrt(x0) * -69.864845)) - exp((square(x0 * -6.5105276) + 3.8024924) - square(square(x0 * -6.16469)))) - exp(exp(x0)),69.864845*sqrt(x0) - 44.8127366841248*exp(-1444.25862408262*x0**4 + 42.3869696303618*x0**2) - exp(exp(x0)) - 52.571236,1038.7248368967223,144.9253120163662,313.27575790834044,83.00066293547869,0.9603206412825651,True,False,False,62.00887446814204,8.220549177870879,4.915900229186015,True,False
2591,4.83052325520356,exp(sqrt(square(square((square(x0) * -15.7599745) + 0.29529545) + (square(x0) * -9.758516))) - square(square(x0) * 15.478796)) * -86.07306,-86.07306*exp(-239.593125609616*x0**4 + 248.37679624065*sqrt((-0.0392891612570163*x0**2 + (0.0187370512560157 - x0**2)**2)**2)),1292.3265099351265,259.65908230092475,426.8511425600722,124.67632107339615,1.0,False,True,False,62.488283371308626,0.052446034325193125,1.0132551583225085,True,False
3088,4.428836247564483,4.424011 - exp((exp(((square(x0) * -467.36145) + 24.68571) * square(x0)) + 3.600435) - (x0 * 2.562543)),4.424011 - exp(-2.562543*x0 + exp(x0**2*(24.68571 + x0**2*(-467.36145))) + 3.600435),1211.4145838139325,219.9520755380075,368.3321103149006,114.17236822337081,1.0,False,True,False,93.62987959132442,8.536887658103936,4.500307381393884,True,False
202,0.8987168110204494,((exp((exp((x0 * 30.259447) - square(square(x0) * 59.158337)) - (x0 * 151.11737)) * (x0 * 0.25201166)) * -88.76481) + (x0 * 6.5298924)) + -4.620247,x0*6.5298924 + exp((-151.11737*x0 + exp(-3499.70883660557*x0**4 + x0*30.259447))*x0*0.25201166)*(-88.76481) - 4.620247,1000.4047799903036,203.44151496185657,455.4815499675321,150.36102780693764,1.0,False,True,False,51.745210174799126,5.810889322619545,2.663082553622675,True,False
389,3.1072280052424963,(x0 * 6.636333) - exp(exp(exp(square((x0 * (x0 + -0.12931186)) * 5.845077) * -19.992035) + 0.51420534)),x0*6.636333 - exp(exp(exp((34.164925135929*x0**2*(x0 - 0.12931186)**2)*(-19.992035)) + 0.51420534)),1149.5825602205468,233.57665508380921,454.4878792636859,146.33223539380026,1.0,False,True,False,80.46699850154118,5.905609802727611,2.705942844364125,True,False
4368,1.0564035623907522,((sqrt(sqrt(square(x0 - 0.18469885))) + -0.5825369) * (exp(exp(0.89061016 - ((square(square(x0 * -2.7242494)) + x0) + -0.9329828))) + 29.85777)) + -6.7310905,(((x0 - 0.18469885)**2)**(1/4) - 0.5825369)*(exp(6.19407357555002*exp(-55.0791786896521*x0**4 - x0)) + 29.85777) - 6.7310905,1159.8343141712294,196.59380310675004,342.72563819608877,106.46032086818198,1.0,False,True,False,64.32428187006417,16.34999003610551,16.27505170891498,True,False
4344,2.276298798385183,(square(exp(exp((square(x0) * 4.0001807) - square(square(square(x0) * -16.879814)))) - x0) + (0.8283988 - sqrt(x0))) * -11.415083,11.415083*sqrt(x0) - 11.415083*(-x0 + exp(exp(-81184.0339511572*x0**8 + 4.0001807*x0**2)))**2 - 9.4562410591004,1204.7074623808178,244.54850209295296,437.72664015103476,145.42358034946488,1.0,False,True,False,57.59280554315683,7.621120918886305,3.83485077797547,True,False
4096,3.050423272289573,((85.91499 - (x0 * -8.067017)) * exp(square(exp(square(x0) * -54.705173)) * -13.309226)) + -91.553535,(85.91499 - (-8.067017)*x0)*exp(exp(-109.410346*x0**2)*(-13.309226)) - 91.553535,963.3294323522375,208.1419350803034,470.3625804218079,161.80694061226865,1.0,False,True,False,55.093085822488774,7.178761926799609,3.353663073090595,True,False
3489,3.9669457452998835,(square(x0) * (-73.7715 * exp((square(x0) * -33.94661) + 3.9714441))) + (1.3532382 - square(square(x0 + ((x0 + x0) + -3.149974)))),x0**2*(-73.7715)*exp(3.9714441 + x0**2*(-33.94661)) - 98.4527556792454*(0.952388813367983*x0 - 1)**4 + 1.3532382,1310.3124548755006,224.19949663584666,279.3684318599284,71.96334302664653,1.0,False,True,False,69.10041161704703,1.1834721836181927,1.3610735849008457,True,False
1496,2.739657825900625,(exp(square(0.42378584 - square(square(x0 * -8.26297) * x0)) * -0.44817296) * -77.55953) + (-20.675924 - (x0 * -25.014124)),-(-25.014124)*x0 + exp((0.42378584 - 4661.70410611356*x0**6)**2*(-0.44817296))*(-77.55953) - 20.675924,1386.506623779131,313.9380978398846,395.6347518523026,168.2158836045846,1.0,False,True,False,1.4604112857464315,22.2598317325309,42.61141750646876,True,False
1141,5.226089633456592,((x0 * 7.929267) + -5.713016) - exp(4.462869 - square(square(square(square(x0)) * 181.27235))),x0*7.929267 - exp(4.462869 - 1079757575.66593*x0**16) - 5.713016,1491.298744464391,390.50785762549987,537.8854427918052,217.58072810748965,1.0,False,True,False,11.74513547751485,7.056179508117481,3.2850789434889416,True,False
737,2.3813978860191876,(x0 * 3.8990946) - exp(exp(exp(0.41225094 - ((x0 * ((((x0 + x0) - 0.40467054) * (x0 * 233.55763)) + 4.701332)) * (x0 + x0))))),x0*3.8990946 - exp(exp(exp(0.41225094 - x0*(x0 + x0)*((x0 + x0 - 1*0.40467054)*x0*233.55763 + 4.701332)))),999.326677568719,231.30132786489963,500.024763001704,173.56484095353292,1.0,False,True,False,52.977593147847585,3.469767308470196,1.7947475266698447,True,False
130,2.1273181658330027,((exp(square(square(exp(square(square(x0)) * -286.6313))) * -81.40542) * 87.1624) + (x0 * 6.3617735)) - 91.565735,x0*6.3617735 + exp(exp(-1146.5252*x0**4)*(-81.40542))*87.1624 - 1*91.565735,1458.0572085589927,385.1850563991124,560.8656417001008,220.24212130266415,1.0,False,True,False,1.301611265667816,5.661281907393857,2.596765022932022,True,False
3879,0.5707379531271699,((x0 * 8.218057) - (exp(4.4485054 - exp(((x0 + -0.18066743) * 10.375415) - exp(10.020917 - (x0 * 53.755783)))) + 2.157865)) + -3.8665497,x0*8.218057 - (exp(4.4485054 - exp((x0 - 0.18066743)*10.375415 - exp(10.020917 - 53.755783*x0))) + 2.157865) - 3.8665497,1146.2906816792558,241.652779980297,474.24553792440213,154.25865440836645,1.0,False,True,False,61.032900079205774,7.3131709904511695,3.430510984809955,True,False
960,3.489029093084224,square((exp(0.422162 - square(exp(0.3022968 - (x0 * square(10.333063 * x0))) - exp(x0))) - exp(x0)) - -2.408952) * -11.741678,(-exp(x0) + exp(0.422162 - (-exp(x0) + exp(0.3022968 - x0*106.772190961969*x0**2))**2) - 1*(-2.408952))**2*(-11.741678),1067.5475149465367,140.01603596465787,283.92176794834546,64.81383542549048,0.8809619238476954,True,False,False,73.22235711213307,-1.1344811416676666,1.0873449448289398,False,True
2763,4.967141791887607,(1.6788318 - square((x0 * -7.178795) - -5.397567)) - exp(4.3285584 - (square((sqrt(x0) * 13.307393) + -4.793376) * x0)),-51.535097652025*(0.751876463946944 - x0)**2 + 1.6788318 - 75.8348841618712*exp(-177.086708456449*x0*(sqrt(x0) - 0.36020398585959)**2),1266.4524683181971,237.7128732992146,406.40162433887104,100.44163707036425,0.7520040080160321,True,False,False,102.42910088852295,-12.659049728795026,0.14905626981714828,False,True
210,1.5741547552332653,(1.2367159 - exp(exp(1.2416798 - square(2.3143075 - (x0 * 13.797302))))) - exp(4.525755 - square(0.26452866 - (x0 * 5.404466))),-exp(4.525755 - (0.26452866 - 5.404466*x0)**2) - exp(exp(1.2416798 - 190.365542479204*(0.167736235678541 - x0)**2)) + 1.2367159,1214.4231537174667,234.657004375867,435.14433938169356,117.66178153031376,1.0,False,True,False,85.32906974458115,4.330662548568398e-06,1.000006457682886,True,False
4306,0.54082966068892,(((exp(exp((sqrt(x0) * -36.824665) - -11.516456) * -90.932755) * 101.78772) - exp(x0 * 2.2340546)) * sqrt(sqrt(x0))) + -90.29973,x0**(1/4)*(-exp(2.2340546*x0) + 101.78772*exp(-9125436.36681532*exp(-36.824665*sqrt(x0)))) - 90.29973,1102.263102946864,172.1620013076461,336.05927111283603,95.16742486581639,1.0,False,True,False,54.595380817471096,8.84403582521665,5.105815803073254,True,False
1132,0.8702964924063469,(exp(exp((exp(x0 * -38.455795) * -12235.692) + x0) * -1.168456) * -98.07579) + 7.1580186,7.1580186 + exp(exp(x0 + exp(x0*(-38.455795))*(-12235.692))*(-1.168456))*(-98.07579),1292.4840333204904,261.0198527328596,381.6103217937545,137.78378887525074,1.0,False,True,False,24.787393779677586,14.434525986427701,12.195723425236904,True,False
3860,2.1599989508626978,-18.003794 - ((-45.7704 * sqrt(x0)) + (exp(exp(1.4446067 - square((x0 - square(x0 * -4.41079)) + 0.20639868))) + 22.817577)),45.7704*sqrt(x0) - exp(4.24018415040487*exp(-378.499687386413*(-x0**2 + 0.0514004874308871*x0 + 0.0106089927570917)**2)) - 40.821371,1085.3896752477858,164.8577168991163,312.121288706515,93.61217202305008,1.0,False,True,False,73.46449215776852,21.58851869846876,39.375739977423,True,False
3620,1.6225753635779865,((x0 * 10.675802) - exp(exp(1.4940214 - exp(0.6252457 - square(square(square(exp(0.8172168 - ((x0 + x0) + x0))))))))) + -6.029177,x0*10.675802 - exp(exp(1.4940214 - exp(0.6252457 - 690.719908958159*exp(-24*x0)))) - 6.029177,1329.758867270143,309.02817019873277,495.00742422202353,177.61603776282251,1.0,False,True,False,34.97425959552584,9.500314962676612,4.959868578749937,True,False
2750,0.3878031874580805,1.5368829 - exp(4.525978 - exp(exp(x0) - (exp(exp(3.193354 - (x0 * 18.402336))) * 0.65909535))),1.5368829 - exp(4.525978 - exp(exp(x0) - 0.65909535*exp(exp(3.193354 - 18.402336*x0)))),989.8155286001818,157.37832190714167,369.7397242593075,110.1609458967306,1.0,False,True,False,48.57987480329052,3.222758318298304,1.9581102377606951,True,False
2024,1.3760823203808672,(exp(exp(x0 * -38.479073) * -1190.3434) * ((x0 * 11.550216) + 82.36079)) + -91.02145,(x0*11.550216 + 82.36079)*exp(exp(x0*(-38.479073))*(-1190.3434)) - 91.02145,1111.313919802003,226.66473290377962,459.64963642124934,148.7480875755043,1.0,False,True,False,58.89993314557546,10.278427689940116,5.654963344527512,True,False
1515,3.2068806323891774,((x0 * 6.081566) + -4.20407) + (exp(square((square(square(x0)) * -152.14319) + x0) * -6.699566) * -89.788826),x0*6.081566 + exp((x0**4*(-152.14319) + x0)**2*(-6.699566))*(-89.788826) - 4.20407,1414.2025470140968,362.67441668601805,550.0793535264581,209.83394958236573,1.0,False,True,False,27.095523741387296,5.411927910418996,2.489881924570517,True,False
971,2.8684970818491795,((exp(((x0 - 0.19332467) * x0) * -157.385) * -13.832645) - square((sqrt(sqrt(x0)) * 12.325129) - 12.850573)) + 2.0794537,-165.137226428329*(0.959111239631104*x0**(1/4) - 1)**2 + 2.0794537 - 13.832645*exp(-157.385*x0*(x0 - 0.19332467)),932.7538954000559,139.04687636161893,358.2692139248707,101.46218175533883,1.0,False,True,False,67.12854966895566,5.265424917808986,2.612430157788148,True,False
1532,0.5044821041614055,sqrt(sqrt(exp((18.369495 - exp(x0 * -2.807363)) - exp((sqrt(x0 + x0) * -24.504116) - -15.576964)) + 568.4177)) + -95.5293,98.7285090279839*(exp(-5820891.57758596*exp(-24.504116*sqrt(2)*sqrt(x0)) - exp(-2.807363*x0)) + 5.98270073385633e-6)**(1/4) - 95.5293,1044.8442176702808,205.4511552837965,442.24590054530785,145.88323779344654,1.0,False,True,False,44.829481828019425,4.967241353234186,2.4067870490545316,True,False
834,0.730703241446556,(((sqrt(sqrt(x0)) * 104.20092) + -9.094947) * exp(exp((x0 * -49.89711) + 6.7974057) * -140.35277)) + -90.79799,(104.20092*x0**(1/4) - 9.094947)*exp(-125688.856486079*exp(-49.89711*x0)) - 90.79799,1234.189759194496,219.1825177753669,283.54418581800894,102.76708252908044,1.0,False,True,False,12.041397228943424,25.301460360774712,75.64432515135219,True,False
1759,2.8479733643318834,((x0 * 8.736736) + -92.06304) - (exp(square(exp(square(x0) * -57.826015)) * -17.795372) * -86.09615),x0*8.736736 - (-86.09615)*exp(exp(-115.65203*x0**2)*(-17.795372)) - 92.06304,990.6365326448547,220.3484904973289,485.2697195385156,166.4076051466556,1.0,False,True,False,50.42948956699638,7.774738513791391,3.708068619365154,True,False
2065,2.670657147060602,(sqrt(x0) - exp(exp(x0 - square(square(square(x0)) * 570.9062)))) * (34.75559 - (square(x0) * 68.55658)),(34.75559 - 68.55658*x0**2)*(sqrt(x0) - exp(exp(-325933.88919844*x0**8 + x0))),1053.121758571352,180.91359333680197,388.81153709886667,119.47806753760918,0.8591382765531063,True,False,False,42.39393821366184,-3.062159849635165,0.7586134309310002,False,True
2610,3.546115859587924,((exp((square(square(x0)) * (x0 * -11206.322)) + 4.5450354) + (exp(square(square(x0)) * -666.79425) * -182.47316)) + -3.3966486) + (x0 * 4.9619007),x0*4.9619007 + exp(x0**4*(-666.79425))*(-182.47316) + exp(x0**4*x0*(-11206.322) + 4.5450354) - 3.3966486,1228.44326439121,283.4996537879205,521.7809853933619,162.79106868623995,1.0,False,True,False,76.42321647331318,4.4155483780094045,2.104936648926061,True,False
804,0.4929300729691504,(((-31.233635 - exp(2.5018153 - (square((x0 * -99.15242) + 15.755057) * x0))) * exp(exp(x0) - square((x0 * x0) * 28.000021))) + -2.2451825) + (x0 * 3.6371217),x0*3.6371217 + (-exp(2.5018153 - x0*9831.2023918564*(0.158897352177587 - x0)**2) - 31.233635)*exp(-784.001176000441*x0**4 + exp(x0)) - 2.2451825,1120.6097631461125,267.32086927963036,531.0914020602872,182.29154235287822,1.0,False,True,False,59.85984844200527,3.236640109113438,1.725588932532334,True,False
108,2.672639843166321,(exp((square(x0) * -458.84357) * (x0 + -0.17119016)) - (sqrt(x0) + -0.91497344)) * (-49.727512 - (x0 * -20.55824)),(20.55824*x0 - 49.727512)*(-sqrt(x0) + 0.91497344 + exp(-458.84357*x0**2*(x0 - 0.17119016))),1020.8349763425113,147.45347555021976,319.22753368081806,93.62675711310108,1.0,False,True,False,72.2317739256905,14.306978458902037,12.021605379944532,True,False
3730,2.700458249575374,(((1.1409844 - sqrt(x0)) * (exp(exp(exp(x0 - exp((x0 * 40.196777) - 9.883906)))) + 3.224146)) * -5.1277866) + 7.8504286,-5.1277866*(1.1409844 - sqrt(x0))*(exp(exp(exp(x0 - 5.09887264334338e-5*exp(40.196777*x0)))) + 3.224146) + 7.8504286,1171.0913263138189,228.96440205412546,422.1737329540217,139.612033370581,1.0,False,True,False,52.64854547108553,14.372489341780096,11.535105064185139,True,False
1980,1.2303546031696881,(exp(x0 * (10.315822 - square(square(2.6877954 - (x0 * 17.967154))))) * -7.422441) - exp(4.46545 - ((x0 * x0) * 20.020958)),exp(x0*(10.315822 - 104211.863265044*(0.149594944196504 - x0)**4))*(-7.422441) - exp(4.46545 - 20.020958*x0*x0),1337.7092742020686,298.3945479270334,474.4559294475155,157.8010331898802,1.0,False,True,False,52.34819199888352,0.0003592809773088708,1.0002357399719621,True,False
1286,5.073220683547264,((sqrt(x0) * 55.328144) - square(exp((x0 + 1.9344857) - square(square(square(x0 + square((x0 + x0) + 0.30822098))))))) - 49.70447,55.328144*sqrt(x0) - 47.8930978957557*exp(2*x0 - 2*(x0 + 4*(x0 + 0.15411049)**2)**8) - 49.70447,1284.1188547690288,237.62955558248163,317.90004449432064,108.41373529405962,1.0,False,True,False,48.17142314794819,26.096618585278122,84.78903938384116,True,False
2417,2.636927851600735,(sqrt(x0) * 61.272312) + ((exp((2.2654786 - square(square(x0 * (x0 * -26.20196)))) * x0) * -50.109222) - (exp(exp(x0)) + 44.331085)),61.272312*sqrt(x0) - 50.109222*exp(x0*(2.2654786 - 471340.889690476*x0**8)) - exp(exp(x0)) - 44.331085,1258.72112953216,244.2091926946619,394.6827383631868,126.56132431575155,0.9285771543086172,True,False,False,43.814780308695845,4.16771023965552,2.4668787596953097,True,False
362,2.3622236538512116,-90.798874 + (91.000626 * exp(-426.75565 * square(square(exp(square(square(x0)) * -315.86725))))),-90.798874 + 91.000626*exp(-426.75565*exp(-1263.469*x0**4)),1543.5749634907315,443.45774119322937,604.5627343850276,262.6024481411753,0.43060120240480965,True,True,False,9.094947017729282e-13,0.0,1.0,False,False
345,2.446923513927091,square(square((exp(-2.3896432 - (exp((x0 * 34.22848) + -6.4772468) - (x0 * 7.7494645))) + 0.7521398) - x0)) * -183.33562,(-x0 + exp(-(-7.7494645*x0 + exp(x0*34.22848 - 6.4772468)) - 2.3896432) + 0.7521398)**4*(-183.33562),1093.241094400529,230.48496981008515,476.4553212360716,153.6426969047248,0.7520040080160321,True,False,False,35.998319178356724,-1.706502954236302,0.755755763154936,False,True
142,3.569232471495758,((sqrt(x0) + -0.53563696) * 124.36824) + ((exp(square(x0) * ((x0 + -0.1951582) * -445.33893)) * -39.668484) - (x0 * 55.141743)),124.36824*sqrt(x0) - 55.141743*x0 - 39.668484*exp(x0**2*(86.911543968726 - 445.33893*x0)) - 66.6162259941504,1120.4687933744003,180.1112563363097,352.8585561343935,94.941365283518,1.0,False,True,False,79.64412435382792,9.590637638960402,5.526374306724066,True,False
3063,2.8852857204803786,(x0 * 61.316162) + ((-27.718039 - exp((x0 + 4.1331944) - square(square(square((x0 - 0.097694345) * 6.247073))))) - (square(x0) * 31.9781)),-31.9781*x0**2 + x0*61.316162 - exp(x0 - 2319597.58166417*(x0 - 1*0.097694345)**8 + 4.1331944) - 27.718039,1368.4197888532012,303.9948132108421,435.0302088323056,160.1699445683692,0.9583366733466934,True,False,False,23.882375248555945,3.9172812484147244,2.2325424611054685,True,False
2406,2.1906025368590165,(exp((4.1066594 - ((x0 * x0) * 115.85799)) * square(x0 * 3.3961623)) * -40.60113) + ((sqrt(x0) - 0.8843305) * (67.744835 - (x0 * 50.507576))),(67.744835 - 50.507576*x0)*(sqrt(x0) - 0.8843305) - 40.60113*exp(11.5339183679413*x0**2*(4.1066594 - 115.85799*x0**2)),1094.06299653711,169.65358376618036,332.4703848218828,95.69780746886609,1.0,False,True,False,67.52506248659824,8.10108893525009,4.524230136436971,True,False
2600,2.8292548304993894,(-41.059452 - (x0 * ((x0 * 37.62013) + -80.92991))) + (exp((x0 * -156.03128) * square((x0 + x0) + -0.27131134)) * -63.38851),-x0*(x0*37.62013 - 80.92991) + exp(x0*(-156.03128)*(x0 + x0 - 0.27131134)**2)*(-63.38851) - 41.059452,1102.4681691265648,165.64658752349874,297.749753493388,89.12845344537756,1.0,False,True,False,73.64246537681356,12.43543866095358,9.622443069160878,True,False
3558,3.610771318124786,sqrt(exp(8.831347 - exp(x0 * 13.879057)) + 6.5992618) - exp(exp(exp(0.48036408 - square(x0))) - sqrt(x0)),82.7375458825036*sqrt(0.000964028976005979 + exp(-exp(13.879057*x0))) - exp(-sqrt(x0) + exp(1.61666288968301*exp(-x0**2))),1082.6626821536377,122.54369006776987,144.26568835449882,23.645711049492185,1.0,False,True,False,58.64601151508532,8.986897466686898,5.349895628437028,True,False
3876,2.2148328689631924,(1.4675598 - square(6.600701 - (x0 * 7.542396))) - exp(4.2111135 - square(x0 + (-0.5471956 + square(square(x0 * 4.2647624))))),-56.887737420816*(0.875146438876983 - x0)**2 - exp(4.2111135 - 109435.625572188*(x0**4 + 0.00302287812314787*x0 - 0.00165410560832277)**2) + 1.4675598,1304.1280067573011,260.3422031121528,381.68258696093545,130.28375703369528,0.8750100200400802,True,False,False,42.620683325144,-1.4930654479528584,1.002501625253216,False,True
2142,3.3436914218921756,((x0 * 9.052181) + (exp(square(0.39984858 - square(square(x0 * -5.4235573))) * -0.27291057) * -87.69468)) + -6.4684877,x0*9.052181 + exp((0.39984858 - 865.240682853616*x0**4)**2*(-0.27291057))*(-87.69468) - 6.4684877,1261.4415482173808,296.5218421591578,521.5926974406705,180.94061538907226,1.0,False,True,False,41.07494493242393,8.055450027848934,3.8877397678636667,True,False
219,4.848337287406977,2.591602 - square(square(x0 - 1.9230459) + exp((square(square(square(x0)) * -49.232777) * -42.33065) + (x0 + 1.7611523))),2.591602 - ((x0 - 1*1.9230459)**2 + exp(x0 + (2423.86633113173*x0**8)*(-42.33065) + 1.7611523))**2,1252.9187766695957,284.8145671585792,511.46679959604535,161.86912105088916,1.0,False,True,False,62.5983606216746,3.925482517905664,2.0021808158038255,True,False
3875,2.2748327296602513,(exp(exp(x0 - square(square(0.645179 - square(sqrt(x0) * -2.7205758)) + -0.15887626)) - x0) * -40.616165) + 18.539595,18.539595 - 40.616165*exp(-x0 + exp(x0 - 3001.14269256146*((0.0871682971061249 - x0)**2 - 0.00290011811048784)**2)),1161.4900947603464,214.6050542628893,396.3206236090976,125.72441265274563,1.0,False,True,False,64.56202112603205,14.84432077154662,12.705796524431632,True,False
3230,2.0137732133924784,(x0 * 12.459513) + (-7.437011 - exp(square(x0) + exp(1.4910222 - square(((5.6064763 - (33.36192 * x0)) * square(x0)) * -3.7051947)))),x0*12.459513 - exp(x0**2 + exp(1.4910222 - 15280.0276997791*x0**4*(0.168050169174916 - x0)**2)) - 7.437011,1310.177192987051,304.44909572995834,501.32276450881596,178.5363387233457,1.0,False,True,False,46.44956843707911,7.568274085294959,3.6679695336674767,True,False
1159,2.249804539036181,(39.510044 + (x0 * -48.303463)) * (sqrt(x0) + ((exp(square(x0 * 7.111289) - square(square(x0 * 6.105768))) * -1.2045087) - 1.2619181)),(39.510044 - 48.303463*x0)*(sqrt(x0) - 1.2045087*exp(-1389.82843813638*x0**4 + 50.570431241521*x0**2) - 1.2619181),1059.857967700134,159.7163545606372,321.54437012803425,96.4429079400342,1.0,False,True,False,65.48044770260799,12.055002015267647,8.591120778706163,True,False
1311,2.243455599667755,(exp((exp(x0 * ((32.525887 - exp(x0 * 18.437136)) * x0)) - -2.8766992) + (x0 * -3.9670637)) * -2.1328697) + 2.6435041,2.6435041 + exp(x0*(-3.9670637) + exp(x0*x0*(32.525887 - exp(x0*18.437136))) - 1*(-2.8766992))*(-2.1328697),1075.3746332985095,215.71955784468133,452.17261548114647,147.3405313008906,1.0,False,True,False,36.66297993813089,3.9168680816619315,2.035562534611791,True,False
1006,1.4807256760460494,((91.22962 - (exp(square(square(x0)) * -74.03173) * 12.13202)) * exp(square(exp(square(square(x0)) * -635.6287)) * -260.0632)) + -90.7661,(91.22962 - 12.13202*exp(x0**4*(-74.03173)))*exp(exp(-1271.2574*x0**4)*(-260.0632)) - 90.7661,1500.8736564100388,404.4398794583599,561.464647782963,230.19577368940952,0.8313627254509018,True,True,False,1.8280843505635858e-10,0.0,1.0000000000008233,False,False
2007,3.8773703829479538,-6.2940946 - ((x0 * -8.821451) + exp(4.49401 - square(x0 * ((sqrt(x0) * -44.543114) - -15.812959)))),8.821451*x0 - 6.2940946 - 89.4795403762503*exp(-1984.089004817*x0**2*(0.35500344677294 - sqrt(x0))**2),1164.1359015607543,255.3768422494411,495.7333901451408,159.15612955732396,1.0,False,True,False,75.54792904752514,7.850125588918104,3.7554886741242886,True,False
1712,1.097169617900402,0.73821294 - exp(5.5168357 - exp(exp(x0 - exp(10.897871 - (x0 * 45.388706))))),0.73821294 - exp(5.5168357 - exp(exp(x0 - exp(10.897871 - 45.388706*x0)))),1384.4819640419787,343.4757300691859,533.4850961608302,196.69312143665798,1.0,False,True,False,15.056950528085508,0.06796164709660957,1.0235622937027151,True,False
3512,3.555237058128835,square(((sqrt(x0) * -8.2830515) + exp(1.5083936 - (exp(x0 * 16.030544) * (x0 + -0.19645996)))) + 7.6548223) * -0.6101847,-41.8641267841233*(-sqrt(x0) + 0.924154860077835 + 0.545628008168474*exp(-(x0 - 0.19645996)*exp(16.030544*x0)))**2,1121.817008202043,244.87747652970663,488.2990085280968,165.50627930459106,0.853186372745491,True,False,False,52.579277278419795,-0.7576782366010542,0.9325163045437349,False,True
1195,1.157171770897528,(-70.09867 - exp(x0 + 2.9383128)) + (((x0 * 45.914005) + 76.54401) * exp(exp(square(x0) * -116.326706) * -134.69817)),(x0*45.914005 + 76.54401)*exp(exp(x0**2*(-116.326706))*(-134.69817)) - exp(x0 + 2.9383128) - 70.09867,1242.858616500075,282.7370168008764,506.7169421595181,168.81828851009024,0.8888977955911824,True,False,False,38.85276346108469,-0.05874983176073556,1.0894629327327485,False,True
3148,2.3249632338453,((exp((x0 * square(square(x0 * -12.449121))) * (0.21784048 - x0)) * -61.4313) - square(exp(1.8654301 - x0))) - -8.626386,exp(x0*(24018.9906143484*x0**4)*(0.21784048 - x0))*(-61.4313) - 1*(-8.626386) - 41.7149759573982*exp(-2*x0),1300.8229542865697,265.42437284255294,391.80528269180917,139.4332357940916,1.0,False,True,False,48.483817134322635,12.523024877564808,8.871302991608209,True,False
87,1.0211900317016775,((x0 + 1.0702536) * (exp((square(x0) * -17.034025) + exp((x0 + -0.20802258) - square(square(square(x0) * -21.965376) - 0.7050966))) * -51.19517)) + 0.8753921,(x0 + 1.0702536)*exp(x0**2*(-17.034025) + exp(x0 - 232784.77231801*(x0**4 - 0.00146140751670081)**2 - 0.20802258))*(-51.19517) + 0.8753921,1321.3729841201994,291.0105662749283,477.7066903914629,147.7106167125111,1.0,False,True,False,45.08931002588224,0.0036913402202998213,1.0017442925589832,True,False
1049,1.8694775372017987,((sqrt(x0) * ((x0 * -2.3991094) + 10.9816265)) + ((exp((x0 - square(x0 * square(x0 * -6.02916))) * 6.8319187) * -1.9001338) + -8.255537)) * 10.457865,10.457865*sqrt(x0)*(10.9816265 - 2.3991094*x0) - 19.871342762337*exp(-9027.55049629708*x0**6 + 6.8319187*x0) - 86.335291448505,1146.138121243534,172.67233758761998,238.1226829453243,75.82822592540501,1.0,False,True,False,59.303524718776316,22.575714227557825,51.28776476755525,True,False
1959,1.0027706846230036,((85.08321 - (x0 * -8.296177)) * exp(exp((sqrt(x0) * -34.164806) + 11.293229) * -22.590508)) + -91.01099,(8.296177*x0 + 85.08321)*exp(-1813481.10406035*exp(-34.164806*sqrt(x0))) - 91.01099,1094.8444166511085,235.17128260208483,483.15843428684764,159.64024147587196,1.0,False,True,False,52.788677410476794,7.382716328376574,3.4709751033383407,True,False
2173,1.014343747604593,exp(((sqrt(x0) * 0.23623244) - exp(10.479851 - (x0 * 48.716694))) + 4.303507) + -90.810104,73.9587126250647*exp(0.23623244*sqrt(x0) - 35591.1040721591*exp(-48.716694*x0)) - 90.810104,1261.9767486412675,276.5168123505422,471.5729510425479,163.26502161405253,1.0,False,True,False,41.377661303177774,10.297896212296848,5.7461138931152025,True,False
2958,2.68380593364125,((-1.6913515 - exp((x0 * -50.090633) + 4.3156757)) * ((x0 * -4.3271813) + exp(x0 * ((x0 * -230.05527) + 59.899494)))) + -5.040033,(x0*(-4.3271813) + exp(x0*(59.899494 + x0*(-230.05527))))*(-exp(4.3156757 + x0*(-50.090633)) - 1.6913515) - 5.040033,1076.2349344579823,239.1989153284796,497.76815948862094,163.30682516818908,1.0,False,True,False,69.38597402690709,6.512916994162737,2.997618784368016,True,False
170,2.9472409165607263,((square(x0) * -22.756771) - exp(((x0 * 3.3425543) + 3.6778738) - square(square(square(x0 * 4.0879936))))) + ((sqrt(x0) * 85.70093) + -61.666645),85.70093*sqrt(x0) - 22.756771*x0**2 - 39.5621874612669*exp(-77997.675093942*x0**8 + 3.3425543*x0) - 61.666645,1289.8452090621658,254.84466658193057,375.1449790404091,128.2078615348881,0.9603206412825651,True,False,False,58.981071012685334,4.38003468385611,2.4694630204689143,True,False
3237,3.2503114643894055,((sqrt(x0) - exp(((square(x0 + -0.107781835) * x0) * -713.6041) + 1.0467627)) * 27.770172) + -24.217016,27.770172*sqrt(x0) - 24.217016 - 79.1009745385823*exp(-713.6041*x0*(x0 - 0.107781835)**2),1028.1593236914068,183.65933685213054,407.61936818303417,127.38931519956934,1.0,False,True,False,68.1226035376717,13.098353466033075,9.286941596453788,True,False
2794,3.4696282309543234,((sqrt(x0) * 27.12802) - exp(exp(1.4538977 - ((x0 + -0.18333599) * square(square(x0) * 41.24981))))) + -22.560616,27.12802*sqrt(x0) - exp(4.2797632814854*exp(-1701.5468250361*x0**4*(x0 - 0.18333599))) - 22.560616,1220.3970551899608,242.02389160593668,430.62641028985854,133.76181191773057,1.0,False,True,False,73.34897560006243,12.795469714541298,8.820473935719505,True,False
3897,1.1720038370344774,5.17196 - exp(exp(1.5182755 - exp(1.0550334 - exp(square(square(square(square(1.2279319 - x0)))))))),5.17196 - exp(exp(1.5182755 - exp(1.0550334 - exp(26.7170504327243*(1 - 0.814377409691857*x0)**16)))),1301.5623287404057,321.4827586849995,548.7505000654969,194.6954219474392,1.0,False,True,False,45.33435308791172,1.005564466183273e-05,1.0000103579143174,True,False
4126,2.998434715777904,((x0 * 7.886) - exp(2.2353032 - (square(0.20681138 - square(-0.7523145 + (x0 * 8.387285))) + -2.241223))) + -5.6082664,x0*7.886 - exp(2.2353032 - ((0.20681138 - (x0*8.387285 - 0.7523145)**2)**2 - 2.241223)) - 5.6082664,1220.6877142218127,283.1541886804901,518.1956852494524,177.53085429223958,1.0,False,True,False,55.303891841057634,7.017676615129119,3.263827632155884,True,False
726,2.3344590207095113,(x0 * 17.16881) - (exp(exp(1.4842218 - exp(0.21892765 - square(exp((x0 * -18.530813) - -5.286424))))) + 10.290955),x0*17.16881 - (exp(exp(1.4842218 - exp(0.21892765 - 39059.7576556899*exp(-37.061626*x0)))) + 10.290955),1436.9602387332643,342.6574319075246,448.4542560886263,184.9508243429383,1.0,False,True,False,3.441741499035743,15.278361237493101,13.135570004748558,True,False
3144,3.0696808936605136,(x0 * 8.101108) + (square(exp((square(x0) * -2460.245) * square(x0 + -0.1254836)) + 0.32682192) * -53.694103),x0*8.101108 + (exp(x0**2*(-2460.245)*(x0 - 0.1254836)**2) + 0.32682192)**2*(-53.694103),1137.8122865439525,255.57813770745454,504.47907452524544,168.62901155600773,1.0,False,True,False,61.38852741167028,7.209099184407364,3.3708564720324072,True,False
580,2.1848531260807533,(((exp(x0 * 1.924895) * -2.3608267) + -9.823359) * square(exp(exp(square(square((square(x0 * -2.672372) - x0) * 2.2184854)) * -14.01106)))) + (x0 * 27.2688),x0*27.2688 + (exp(x0*1.924895)*(-2.3608267) - 9.823359)*exp(2*exp((63008.8570441665*(x0**2 - 0.140025191246908*x0)**4)*(-14.01106))),1367.4278594122943,325.7983002644283,503.42213201937625,184.6434165330498,0.930561122244489,True,False,False,34.72801014370816,1.8411331652441163,1.498393527414119,True,False
2641,2.7327821521313695,(exp(square(square(square(x0 + -0.103259265)) * 233.45575) * -135.84674) * -66.87724) + (exp(square(square(x0)) * -69.63428) * -24.964108),exp((54501.5872080625*(x0 - 0.103259265)**8)*(-135.84674))*(-66.87724) + exp(x0**4*(-69.63428))*(-24.964108),1337.9634997657863,297.2192408738253,474.1817639839872,153.93024148447262,0.8710420841683367,True,True,False,31.226294379177716,0.0,1.0000000000102982,False,False
1486,3.439888117470489,(exp(square(x0) * (30.769295 - square(x0 * 43.945984))) * -66.63061) - ((sqrt(x0) + -0.8801249) * -30.200033),30.200033*sqrt(x0) - 66.63061*exp(x0**2*(30.769295 - 1931.24950972826*x0**2)) - 26.5798010241217,924.5183294962862,154.24589414796174,380.3206393424836,124.90984769104865,1.0,False,True,False,54.84614841165103,14.244445692300701,11.286521627646346,True,False
1940,3.8355707702596624,((-59.85687 - exp(3.9914668 - square(0.7174049 - ((x0 * x0) * 28.81861)))) - (x0 * -141.92966)) - square(x0 * 9.12463),-83.2588726369*x0**2 - (-141.92966)*x0 - exp(3.9914668 - (0.7174049 - 28.81861*x0*x0)**2) - 59.85687,1219.591193474115,199.86323007570226,295.9079405118634,83.66095975836085,0.853186372745491,True,False,False,80.29505711299862,-5.5647808764593805,0.5678225170858383,False,True
3608,3.4427692213087853,((x0 * 14.046665) + (exp(square((0.1495006 - x0) * x0) * -2660.2258) * -85.00393)) - 10.923041,x0*14.046665 + exp((x0**2*(0.1495006 - x0)**2)*(-2660.2258))*(-85.00393) - 1*10.923041,1239.8569228757167,264.16157670728415,458.7118206001361,156.3289375444161,1.0,False,True,False,73.00507582206876,12.499993975532817,8.22354544840489,True,False
832,2.0739284273602343,(37.40883 - square(((x0 * -10.278725) * (1.5452602 - x0)) + 1.7766987)) * ((x0 + -0.8503377) - exp(0.6038676 - square(((x0 * -57.884686) + 9.032984) * x0))),(37.40883 - 105.652187625625*(-x0*(1.5452602 - x0) + 0.172852051202849)**2)*(x0 - exp(0.6038676 - 3350.6368733186*x0**2*(0.156051360458274 - x0)**2) - 0.8503377),1166.4088635759279,202.01302942944383,336.1973672629377,111.58018385677316,1.0,False,True,False,60.10485439879221,18.174138122164052,20.798607144519742,True,False
3141,4.366590366540903,-0.19044274 - exp(4.5354066 - square(square(-0.43552577 - (x0 * -7.294983)) + -0.21749449)),-exp(4.5354066 - ((-(-7.294983)*x0 - 0.43552577)**2 - 0.21749449)**2) - 0.19044274,1165.4950337431474,275.1818807154181,530.5706128189604,178.40292298061613,0.4147294589178357,True,True,False,70.81974483415144,0.0,1.0,False,False
165,3.3336093063561645,-3.847984 - (exp(4.502417 - square(x0 * (7.6205893 - (x0 * 62.017254)))) + (x0 * -5.742749)),-(x0*(-5.742749) + exp(4.502417 - 3846.13979370052*x0**2*(0.122878534738091 - x0)**2)) - 3.847984,1136.0400703157843,268.8876298064002,529.4001040726251,179.5057891198769,1.0,False,True,False,57.20288361078025,5.1104178752036375,2.366501490264363,True,False
1129,1.8010860754419058,(-4.4257507 + ((x0 * 10.155981) - exp(exp(0.95286465 - square(0.25861374 - square(square(x0 * 4.4160924)))) + x0))) * (6.0388055 - (x0 * 6.193733)),(6.0388055 - 6.193733*x0)*(x0*10.155981 - exp(x0 + exp(0.95286465 - (0.25861374 - 380.323014832876*x0**4)**2)) - 4.4257507),1217.6673221259712,246.30408743004446,447.0478561525456,135.6689774455916,0.7956513026052104,True,False,False,39.55602648766444,-8.378370620382995,0.3045653139300156,False,True
3882,2.067016037998171,((exp(exp(x0 * (1.3106749 - square(square(square(x0 * 5.003602)))))) * -26.359776) + (x0 * (91.899864 - (x0 * 45.754303)))) - 17.859797,x0*(91.899864 - 45.754303*x0) + exp(exp(x0*(1.3106749 - 392881.934487534*x0**8)))*(-26.359776) - 1*17.859797,1174.001029839416,195.2348383357237,314.43185548783754,99.56845611857351,1.0,False,True,False,49.998269781573526,9.314472658013841,5.896595327450894,True,False
840,2.239493745178236,1.389324 - square((exp(exp((square(square(x0 + -0.055764776)) * -2201.7224) + (square(x0) * 5.4249907))) - x0) * 3.5409236),1.389324 - 12.538139941037*(-x0 + exp(exp(x0**2*5.4249907 + (x0 - 0.055764776)**4*(-2201.7224))))**2,1011.2519085702784,212.09457209692704,466.80233022955963,156.77315106046575,1.0,False,True,False,59.760267831197325,2.4570513602532458,1.6002707124443796,True,False
1662,2.4219799790349223,((x0 - square(0.2736064 - square(x0))) * 12.725256) + (exp(exp(0.93917376 - square(x0 - square(square((x0 * -5.3125596) - -0.25174785))))) * -7.158562),(x0 - (0.2736064 - x0**2)**2)*12.725256 + exp(exp(0.93917376 - (x0 - (x0*(-5.3125596) - 1*(-0.25174785))**4)**2))*(-7.158562),1299.0825300764284,322.4563204689329,552.0615553548013,189.51067956396187,0.7718436873747495,True,False,False,25.127017814907504,-9.5684293505618,0.24273988069283262,False,True
4124,3.1134892276106276,exp(exp(1.4494088 - square(square(x0 + x0)))) * (-0.31247362 - exp(square(square((x0 + -0.15429343) + x0)) * -317.9632)),(-exp((x0 + x0 - 0.15429343)**4*(-317.9632)) - 0.31247362)*exp(exp(1.4494088 - (x0 + x0)**4)),1066.250279449881,185.85182644893854,409.6085127305926,109.81417747078741,1.0,False,True,False,51.544643546550105,0.0023496462252836636,1.0019023163994791,True,False
2961,2.3869165132516708,(-53.14195 * exp((x0 - 0.21195582) * (-7042.377 * square(square(x0))))) + (((99.854095 - (x0 * 58.327957)) * x0) + -41.12222),x0*(99.854095 - 58.327957*x0) - 53.14195*exp((x0 - 1*0.21195582)*(-7042.377)*x0**4) - 41.12222,1275.7291856237746,246.74147724702422,385.7097526000743,122.78071219691114,0.8551703406813628,True,False,False,62.53521079460006,-3.5214726034770365,0.7168054786204274,False,True
4154,0.6651110883606022,(exp(x0) + exp(4.5323124 - exp(exp(4.0974517 - (x0 * 13.521711)) + -3.4608688))) + -91.86649,exp(x0) + exp(4.5323124 - exp(exp(4.0974517 - 13.521711*x0) - 3.4608688)) - 91.86649,1269.1866674560883,297.92572088795805,523.1717838067306,175.72495668726125,1.0,False,True,False,47.79879254462048,2.1789590322369747,1.4378319190706843,True,False
2075,3.551054489771525,-28.417042 - (exp(4.312721 - (x0 * square((x0 * 26.090786) - 3.1638577))) + (x0 * ((1.5817106 - x0) * -48.178886))),-(x0*(1.5817106 - x0)*(-48.178886) + exp(4.312721 - x0*(x0*26.090786 - 1*3.1638577)**2)) - 28.417042,1118.0106607028358,210.06091547876775,433.77785457549663,121.08485112372692,0.791683366733467,True,False,False,74.16953082831196,-8.492279890441324,0.29637601714324174,False,True
868,2.569547319681964,exp(exp(0.4367886 - square(x0 * square((x0 * 20.281733) + -2.906761))) - square(square(x0) * -7.123835)) * -19.960924,exp(-50.749025107225*x0**4 + exp(0.4367886 - 169207.747630409*x0**2*(x0 - 0.143319163110963)**4))*(-19.960924),1272.0893293335414,266.67588677653765,458.0966309324468,139.37322969750784,0.9404809619238477,True,True,False,36.44452014029207,3.914816471248357e-11,1.000000018789446,True,False
1244,1.1732729515825369,(exp(2.04498 - exp((x0 + 0.5842822) - exp((0.23563626 - x0) * 32.331123))) + -0.2065277) * -12.091365,(exp(2.04498 - exp(x0 - exp((0.23563626 - x0)*32.331123) + 0.5842822)) - 0.2065277)*(-12.091365),1286.8844931463764,286.87114967234567,482.0300652881827,164.66542335054726,1.0,False,True,False,51.28492476557062,4.606947982107641,2.273045819883218,True,False
1897,0.9880514992946658,-90.936035 + ((exp(square(exp(-59.6399 * square(x0))) * -114.84506) * (114.98693 + (x0 * -22.410671))) * sqrt(sqrt(x0))),x0**(1/4)*(114.98693 - 22.410671*x0)*exp(-114.84506*exp(-119.2798*x0**2)) - 90.936035,1183.7291958939634,234.0948929451855,434.11568744713435,138.02421288817786,1.0,False,True,False,40.9066870190029,3.708170593991298,2.0355887452558212,True,False
2210,3.1685696791730833,(exp(square(square(square(x0) * -13.987265)) * -3.3561382) * -77.352905) + ((((exp(square(square(x0)) * -106.28068) + -0.18410794) * -68.876656) * x0) - 10.001196),(exp(x0**4*(-106.28068)) - 0.18410794)*(-68.876656)*x0 + exp((38276.4112483105*x0**8)*(-3.3561382))*(-77.352905) - 1*10.001196,1233.8080494518008,241.48358750339057,412.2897295000262,130.62496340400122,1.0,False,True,False,57.311042949418606,11.284469604237785,6.700032092039156,True,False
2620,2.8346529517835024,(x0 * 7.283836) - (exp(4.4908347 - square(x0 * (3.7900758 - square(x0 * 11.59739)))) - -5.2036448),x0*7.283836 - (exp(4.4908347 - 18090.1033447521*x0**2*(0.0281791164528871 - x0**2)**2) - 1*(-5.2036448)),1336.4389795906939,325.4961429661328,530.1761638979202,192.77804250759976,1.0,False,True,False,48.4289702084543,6.48181658199789,2.981945508833927,True,False
3770,0.5036405048383781,(exp(exp(x0 - square(square(square((exp(x0 - square(square(x0 * 6.3403044))) - x0) - (x0 + 0.53888685))))) - x0) * -39.808918) + 17.902365,17.902365 + exp(-x0 + exp(x0 - (-x0 - (x0 + 0.53888685) + exp(-1615.99657501834*x0**4 + x0))**8))*(-39.808918),1160.3462983347422,211.4602828036297,385.0361888097824,123.28303874891826,1.0,False,True,False,62.66691348551217,14.549289632839674,12.079808667297677,True,False
579,3.4075150982625804,(sqrt(x0) * 28.565098) + ((exp((x0 + -0.19516243) * (square(square(x0 * -2.986988)) * (x0 * -376.21103))) * -71.51825) - 24.83294),28.565098*sqrt(x0) - 24.83294 - 71.51825*exp(-29947.8352824391*x0**5*(x0 - 0.19516243)),1266.8942488113855,266.60287315101186,446.76731422682076,148.9119813699387,1.0,False,True,False,47.07194618753056,13.473296110512536,9.898698616123008,True,False
359,4.339884337023658,(-5.06929 - (x0 * -7.0408063)) + (exp(square(square(x0 * ((x0 * 38.391224) + -7.351841))) * -2.7968378) * -88.21556),-(-7.0408063)*x0 + exp((2172340.1774609*x0**4*(x0 - 0.191497957970811)**4)*(-2.7968378))*(-88.21556) - 5.06929,1488.9147967168385,400.05425530232554,559.5570838983573,227.3155426608035,1.0,False,True,False,1.9667085167156984,6.265546756678077,2.8751977520352625,True,False
2531,0.9428577293969863,(exp(exp((sqrt(x0) * -52.422466) + 22.740417) * -9.92598) * (x0 + 90.33342)) + -90.78386,(x0 + 90.33342)*exp(-74612400900.6166*exp(-52.422466*sqrt(x0))) - 90.78386,1368.1282197147266,352.7946068739882,567.9982152815695,206.94970022584715,1.0,False,True,False,32.9111573559004,0.8898905729199242,1.1618342901636174,True,False
2181,3.8468005894916404,((exp(square(x0 * (0.16239697 - x0)) * -2540.516) * -86.4139) - (x0 * -13.799702)) + -10.666276,-(-13.799702)*x0 + exp((x0**2*(0.16239697 - x0)**2)*(-2540.516))*(-86.4139) - 10.666276,1297.7394682239396,285.37860620794453,463.8371535681564,161.80502124728432,1.0,False,True,False,76.5925138766188,12.280223943843737,7.924481872873015,True,False
3895,3.0770105133978802,(exp(x0 - exp(-26.186403 - (sqrt(x0) * -52.86069))) * -65.542145) + (-28.511877 - (sqrt(x0) * -32.025066)),32.025066*sqrt(x0) - 65.542145*exp(x0 - 4.24023255632047e-12*exp(52.86069*sqrt(x0))) - 28.511877,1308.042074553677,285.40400123638244,436.2380218104975,162.80147898874574,1.0,False,True,False,16.604633710218877,15.105258773370792,13.066748586040841,True,False
4309,4.373028943634149,(x0 * 8.895856) + (-5.3999844 - exp(exp(1.5047563 - square((x0 * 3.52253) - square(x0 * -4.7679915))))),x0*8.895856 - exp(exp(1.5047563 - (-22.7337429440723*x0**2 + x0*3.52253)**2)) - 5.3999844,1303.1092465922354,287.69004408170684,482.1389906502857,154.08736828869672,1.0,False,True,False,92.16658062243357,7.91633789281704,3.7976375568812752,True,False
1143,2.900320026978621,((sqrt(x0) * 33.47126) - exp((x0 - square(x0 * ((x0 * 55.188717) + -6.7214446))) + 4.195816)) + -29.748705,33.47126*sqrt(x0) - 66.407898319287*exp(-3045.79448410609*x0**2*(x0 - 0.121790194905238)**2 + x0) - 29.748705,1107.6245703251163,198.5227425231656,393.7362905537747,124.35658711238051,1.0,False,True,False,60.449178468973514,15.78738491189364,14.67477123063352,True,False
1589,0.4653683993494189,(x0 * 4.1922507) - exp(exp(exp(0.4098447 - exp((x0 - 0.28373992) * (exp((0.22652008 - x0) * 96.947334) - -28.839884))))),x0*4.1922507 - exp(exp(exp(0.4098447 - exp((x0 - 1*0.28373992)*(exp((0.22652008 - x0)*96.947334) - 1*(-28.839884)))))),1272.1053827184319,309.917862661832,543.5755245723316,188.3937808706646,1.0,False,True,False,39.400341879677285,3.730644141789057,1.8754296847503653,True,False
4028,1.3654451845371112,((sqrt(x0) * (85.2314 - (x0 * 25.022932))) - exp(exp(1.4181991 - square(0.28741208 - ((x0 * x0) * 26.422504))))) + -57.020336,sqrt(x0)*(85.2314 - 25.022932*x0) - exp(4.12967660486397*exp(-698.148717630016*(0.0108775489257188 - x0**2)**2)) - 57.020336,925.5991280746002,125.02104402965132,322.8499830431621,94.18222568540581,1.0,False,True,False,51.13369986138832,8.692070827185518,4.830988511434563,True,False
2786,3.618048664244078,((x0 * 5.3324137) + -3.597773) - (exp(square(x0) - exp(-16.226303 - (x0 * -64.105286))) * 87.031746),x0*5.3324137 - 87.031746*exp(x0**2 - exp(-(-64.105286)*x0 - 16.226303)) - 3.597773,1428.980786809499,379.23330076557437,574.0412548228761,221.80743573600776,1.0,False,True,False,7.976466066322246,4.745264383044017,2.2252346255953257,True,False
720,2.0395568808355207,(exp(square(0.069822095 - square(x0 * -2.188745)) * -73.477974) * -62.550095) + ((sqrt(x0) * (84.42186 - (x0 * 23.68104))) - 58.59134),sqrt(x0)*(84.42186 - 23.68104*x0) - 58.59134 - 62.550095*exp(-1686.31165235272*(0.0145747979089165 - x0**2)**2),1020.8614106399845,152.98648975408747,335.77130000905737,99.91075511421371,1.0,False,True,False,57.900671840243376,9.99995293668809,6.00395399781986,True,False
3858,0.6345061846183317,(exp((exp(exp((((x0 * x0) * -1490.4286) + 22.558794) * x0) * 0.5033928) * 0.2483577) + (x0 * -11.202936)) * -65.50654) + x0,x0 + exp(x0*(-11.202936) + exp(exp(x0*(x0*x0*(-1490.4286) + 22.558794))*0.5033928)*0.2483577)*(-65.50654),597.0936600811117,145.62825456121448,360.2878190414093,166.88968043533814,1.0,False,True,False,20.18293384816326,0.9290840076290152,1.1720524775633872,True,False
